"","taxon","USDAcode","group","nativity","status","growthform","family","leafmass","SLA","LDMC","leaf.lobeness","leaf.PAratio","leafthickness","stom.length.mean","stom.index","Rdarea","Rdmass","Asatarea","Asatmass","Vcmax","Jmax","AQY","LSP","PNUE","WUE","CCarea","CCmass","Nmass","Narea","Nlitter","Nres","Cmass","Carea","Clitter","Solubles","Hemi","Lignin","Cellulose","Ash","Phenolics","Chlarea","Chlmass","Chlab","leafdecomp","dna","SRL","RTD","RDMC","Nroot","Croot","Ligninroot","rootdecomp","LA.gain","leafrate","rootNPP","ss.root","ss.stem","starch.root","starch.stem","nsc.root","nsc.stem","Ringporosity","vessel.frequency","metaxylem.VD","earlywood.VD","latewood.VD","stem.conductance","leaffall50","leaflifespan","emergeduration","leafduration","leafturnover","fallduration","date.chl50.sun","date.chl50.shade","leafout"
"ACPE","Acer pensylvanicum","ACPE","ena","native","native","tree; shrub","Sapindaceae",245.93,230.1721067,0.368195619,13.088,1.569,NA,21.57275,18.012,NA,NA,12.03,0.276897044,NA,NA,0.034,NA,NA,4.681624668,NA,NA,2.330671254,NA,0.59,55.08897851,47.65967477,NA,47.6,37.45,21.2,21.02790347,18.03333333,NA,19.23,36.99001545,95.50561968,2.536231884,1.54,2.24,NA,NA,NA,NA,NA,NA,NA,NA,NA,NA,NA,NA,NA,NA,NA,NA,"diffuse",169.028762,22.1787,27.73916182,26.937,NA,258.2699264,134.5256087,48.20153155,183.1286131,1.446452882,54.54649531,283,285,103.816468269344
"ACSP","Acer spicatum","ACSP2","ena","native","native","tree; shrub","Sapindaceae",206.84,230.6813511,0.348068811,11.154,1.337,NA,22.014,13.782,NA,NA,14.37,0.331489102,NA,NA,0.041,NA,NA,4.47166015,NA,NA,NA,NA,NA,NA,NA,NA,NA,NA,NA,NA,NA,NA,NA,40.12440656,99.29458774,NA,NA,1.69,NA,NA,NA,NA,NA,NA,NA,NA,NA,NA,NA,NA,NA,NA,NA,NA,NA,NA,NA,NA,NA,NA,235.3108381,108.3277238,75.90983841,168.4752385,1.748272022,49.33231092,NA,205,101.708127323719
"BECA","Berberis canadensis","BECA2","barberry","native","native","shrub","Berberidaceae",19.34,206.9466309,0.280903873,11.91,3.023,NA,24.85525,17.068,0.740291357,0.015257454,NA,NA,NA,NA,NA,132.7,10.59737738,4.076843292,58.86,1.351,2.531423216,1.256444982,NA,NA,46.03781087,22.26450914,NA,52.43333333,17.3,12.57922727,19.16666667,41,NA,49.95779042,107.6869408,3.515151515,NA,3.26,47.01743,NA,NA,NA,NA,NA,NA,NA,NA,NA,NA,NA,NA,NA,NA,NA,"diffuse",715.3547,14.5446,10.59114743,13.72,NA,NA,143.5888656,59.27415611,201.49222,1.437352086,52.7136393,NA,NA,NA
"BEKO","Berberis koreana","BEKO","barberry","alien","naturalized","shrub","Berberidaceae",20.54,200.2322866,0.337129678,10.534,3.638,NA,NA,13.879,0.846043069,0.021679432,8.75,0.175203251,NA,NA,0.024,125.9,11.29214781,2.024564589,56.07,1.353,2.381692348,1.221408552,0.62,54.48072821,46.47669137,21.5444508,46.3,NA,NA,12.8156111,NA,41,NA,NA,NA,NA,2.27,1,58.81425141,0.28,233,2.414751571,44.23448763,15.1,6.28,NA,2,NA,NA,NA,NA,NA,NA,NA,"ring",590.2,19.0392,14.26853192,4.2,8.69,280.7511342,140.3796578,56.24749454,195.1541706,1.418208785,48.64953142,NA,NA,100.564102964492
"BETH","Berberis thunbergii","BETH","barberry","alien","invasive","shrub","Berberidaceae",9.82,195.5479809,0.30701464,5.692,3.975,0.347444445,26.06775,18.666,0.808260016,0.017284084,16.31,0.318938757,42.21874065,112.6956753,0.041,179.3,11.07003188,4.506544805,59.37,1.339,2.419686722,1.407063812,0.5,59.03261779,45.24094664,25.34559958,46,61.2,15.55533333,9.939113001,15.03366667,45,14.58,59.86076534,116.3532484,2.627204301,3.03,3.39,57.86815737,0.23,237,2.488890025,44.19947328,16.4,4.96,3.570648554,2.428571429,0.057441671,3.980475256,3.737697921,12.4239403,2.621652193,16.40441556,6.359350114,"semi-ring",1377.4402,14.07236,11.40165591,3.98,3.23,288.0844328,160.0935517,47.53202847,204.2005306,1.316492285,46.63936993,298,NA,94.2600059215074
"BEVU","Berberis vulgaris","BEVU","barberry","alien","invasive","shrub","Berberidaceae",26.18,202.4318951,0.306968487,14.717,4.168,NA,29.57775,8.715,NA,NA,16.12,0.326320215,NA,NA,0.048,NA,NA,4.447571425,NA,NA,2.662004033,NA,0.68,54.89389026,45.85110448,NA,45.9,56.93333333,18.65,11.43379806,15.43333333,NA,NA,60.40576078,118.0165979,2.024,4.17,3.55,51.49935337,0.32,237,2.678701431,44.53225308,15.1,7.27,NA,0.285714286,NA,NA,NA,NA,NA,NA,NA,"ring",645.2514,19.67612,11.43137762,5.94,1.45,292.325907,162.5814957,54.02078082,205.7661284,1.294448357,46.29091692,NA,303,101.602649223941
"CAFL","Calycanthus floridus","CAFL22","ena","native","native","shrub","Calycanthaceae",72.46,268.0818353,0.267210972,7.939,1.923,0.159233334,26.842,12.022,0.720130049,0.015180322,14.06,0.37692306,36.71738977,73.76913974,0.041,NA,10.77062758,3.590453225,NA,NA,3.138523673,1.279595373,0.65,58.99315204,46.45917254,20.85668243,46.6,58.55,14.96666667,13.41178472,15.03333333,NA,16.58,46.1278901,120.4720857,3.8125,3.19,1.96,32.15126,NA,NA,NA,NA,NA,NA,NA,0.5,NA,NA,NA,NA,NA,NA,NA,"semi-ring",284.3309859,14.85723,26.83708571,22.596,NA,277.0143553,132.4249799,59.43302274,172.951404,1.368786839,47.95949192,289,282,116.961061152369
"CEOR","Celastrus orbiculatus","CEOR7","bittersweet","alien","invasive","liana","Celastraceae",60.13,208.1360851,0.24199917,13.379,4.134,0.20487037,29.57875,7.917,0.861189994,0.020188043,15.7,0.326773654,49.41346134,102.6244979,0.04,135.1,9.848648051,3.853994848,67.99,1.239,3.179448606,1.340327981,0.57,61.35278886,44.48358792,21.48764233,41.9,37.93066667,26.06666667,12.84240299,19.964,133,11.88,44.78293958,114.6185058,2.469066832,2.71,0.77,65.3391555,0.24,217,1.956797777,44.41951816,21.9,3.54,4.69661528,0.571428571,0.320113642,7.50752153,5.641221916,11.0104078,3.731044374,18.51792933,9.37226629,"ring",598.2905983,14.10248,35.82492793,10.093,4.52,268.2188643,149.4665116,30.65077364,174.335002,1.217562696,47.37397277,NA,266,113.096771448402
"CESC","Celastrus scandens","CESC","bittersweet","native","native","liana","Celastraceae",27.52,199.1901348,0.337639939,5.433,2.191,0.21862963,30.5715,8.266,0.7691145,0.01737103,15.41,0.306951998,35.09936764,117.9322994,0.037,102,9.052121259,3.356268653,49.67,1.22,2.986155446,1.365465621,0.67,57.5291557,43.27415154,20.3381142,41.3,39.61266667,27.74,11.25630131,19.42866667,128,9.68,51.956009,111.5964208,2.186915888,2.62,0.85,55.46589767,0.23,392,2.209806982,44.82529142,22.7,4.8,3.745904724,0.666666667,0.082150476,8.538623067,5.773034949,11.21336309,4.717041936,19.75198616,10.49007689,"ring",132.1933339,21.20032,30.48712626,41.582,4.97,273.9586364,144.9741533,47.7070054,185.4229882,1.320048766,46.68998003,283,271,109.723026902333
"CLAC","Clethra acuminata","CLAC3","ena","native","native","tree; shrub","Clethraceae",20,193.0253834,NA,9.216,2.806,NA,19.635,NA,NA,NA,12.78,0.24668644,NA,NA,0.034,NA,NA,2.707192467,NA,NA,NA,NA,NA,NA,NA,NA,NA,NA,NA,NA,NA,NA,NA,NA,NA,NA,NA,2.28,NA,NA,NA,NA,NA,NA,NA,NA,0.666666667,NA,NA,NA,NA,NA,NA,NA,NA,NA,NA,NA,NA,NA,244.800963,110.054533,81.07378529,175.7636341,1.716393056,53.66638089,NA,NA,107.218084757567
"COAL","Cornus alternifolia","COAL2","ena","native","native","tree; shrub","Cornaceae",115.54,190.6427623,0.382742684,9.794,1.394,NA,23.3695,NA,NA,NA,14.13,0.269378223,NA,NA,0.038,NA,NA,3.888172356,NA,NA,NA,NA,0.48,NA,NA,NA,47.7,NA,NA,10.9472425,NA,NA,NA,46.82339932,102.2688492,NA,3.36,1.93,NA,NA,NA,NA,NA,NA,NA,NA,NA,NA,NA,NA,NA,NA,NA,NA,"diffuse",235.344,13.26589,23.30178113,20.9,1.12,277.0198485,134.6826296,84.88340471,186.2359481,1.446165521,44.64043163,274,267,103.312014755248
"COAM","Cornus amomum","COAM2","ena","native","native","shrub","Cornaceae",124.63,197.3106546,0.359695125,11.093,2.89,0.173983334,23.242,NA,0.785341514,0.015614295,14.03,0.276826848,59.91321771,126.4305826,0.041,NA,10.03161467,4.437069273,NA,NA,3.16874368,1.583865061,1.47,37.21744862,49.1431681,28.22229994,50.8,54.6,19.03333333,14.66470296,13.63333333,NA,23.82,48.51327403,103.4034576,2.76,4.39,1.91,44.48180891,0.43,305,2.007514644,43.83746703,15.9,6.52,NA,NA,NA,NA,NA,NA,NA,NA,NA,"diffuse",273.2061,25.08,26.6673265,31.78,3.02,283.142272,125.1122426,93.82361601,188.1814369,1.546108788,46.56607241,280,290,104.03722995425
"COFL","Cornus florida","COFL2","ena","native","native","tree; shrub","Cornaceae",94.33,233.4359963,0.353635827,8.917,1.181,NA,25.605,NA,NA,NA,12.31,0.287359711,NA,NA,0.035,NA,NA,5.547513377,NA,NA,2.543814629,NA,0.56,57.88758086,45.59351462,NA,47.8,NA,NA,10.46680487,NA,NA,NA,46.70048202,107.5090879,NA,2.48,2.94,NA,NA,NA,NA,NA,NA,NA,NA,NA,NA,NA,NA,NA,NA,NA,NA,"diffuse",586.2553,10.784,14.82721998,14.83,NA,260.9165574,151.7686139,30.47917252,176.1729184,1.247499076,52.73590121,286,NA,116.440635464067
"DILO","Diervilla lonicera","DILO","ena","native","native","shrub","Diervilleaceae",171.5,235.6573838,0.284686657,13.985,2.373,NA,30.279,NA,NA,NA,14.63,0.344766753,NA,NA,0.04,NA,NA,3.344633836,NA,NA,NA,NA,0.56,NA,NA,NA,46.9,NA,NA,13.72310441,NA,NA,NA,57.33282832,120.785224,NA,7.35,2.28,71.89780887,0.39,237,2.158343136,43.80438198,16.4,7.55,NA,1.75,NA,NA,NA,NA,NA,NA,NA,"diffuse",325.1192369,13.0698,23.74069723,27.693,0.98,288.1167409,144.8177714,69.2306529,200.8785753,1.446952942,49.14960483,NA,301,94.3864334058371
"DIRI","Diervilla rivularis","DIRI","ena","native","native","shrub","Diervilleaceae",43.13,280.5404732,0.258917418,11.449,1.619,NA,28.69875,NA,NA,NA,13.29,0.372838289,NA,NA,0.038,NA,NA,4.315257369,NA,NA,NA,NA,0.61,NA,NA,NA,48.7,NA,NA,15.69823692,NA,NA,NA,52.17030179,121.3713483,NA,7.89,2.27,NA,NA,NA,NA,NA,NA,NA,NA,NA,NA,NA,NA,NA,NA,NA,NA,"diffuse",408.7507196,9.72135,21.91884398,26.286,NA,298.7262203,159.3156827,70.18437776,206.2175958,1.341008053,43.00269397,299,290,99.9122235711869
"DIPA","Dirca palustris","DIPA9","ena","native","native","shrub","Thymelaeaceae",194.13,216.1342056,0.317655387,6.15,0.712,NA,37.80775,NA,NA,NA,8.36,0.180688196,NA,NA,0.027,NA,NA,4.039312598,NA,NA,NA,NA,0.68,NA,NA,NA,40.8,NA,NA,9.345783712,NA,NA,NA,41.53795549,99.55302264,NA,4.6,3.29,64.99920585,0.61,372,1.841603303,44.79693348,19.8,3.58,NA,0.428571429,NA,NA,NA,NA,NA,NA,NA,"diffuse",564.8535565,5.33324,15,15.223,0.58,261.7929989,136.1240349,39.10723273,188.1575981,1.458753344,63.88854085,294,311,102.036055571822
"ELAN","Elaeagnus angustifolia","ELAN","olive","alien","invasive","tree; shrub","Elaeagnaceae",32.94,350.6979153,0.209782713,6.423,2.024,NA,23.9425,8.038,0.822099285,0.025005924,14.19,0.497640342,NA,NA,0.036,405.1,11.57069633,3.634412843,42.82,1.387,3.932611739,1.501699997,1.86,36.44904225,45.98603823,17.58025864,46.3,NA,NA,13.99001421,NA,91,NA,36.99001545,104.5356835,NA,6.3,1.27,45.84963537,0.26,196,2.867237046,43.04342583,29.3,3.53,NA,NA,NA,2.933235037,NA,12.08596016,NA,15.0191952,NA,"diffuse",170.2265,31.2468,26.40262583,24.02,NA,275.4892426,107.2044404,107.857456,187.1112014,1.855714299,42.90771561,255,283,101.746000008087
"ELCO","Elaeagnus commutata","ELCO","olive","native","native","shrub","Elaeagnaceae",52.67,184.2807277,0.268190424,8.202,2.562,0.215611111,22.27675,8.518,0.820479625,0.017927351,18.15,0.334469521,59.46970791,128.0443456,0.046,96.4,8.995002325,5.606553121,68.71,1.383,3.327914341,1.743675778,1.36,41.90171333,46.55341708,24.16057262,44.9,NA,NA,12.97575697,NA,65,NA,47.04144139,101.0044169,NA,5.96,1.33,41.44640317,0.4,345,3.612129329,43.36755599,39.8,1.1,0.741294977,1,0.011034743,6.587422455,5.776711089,6.542805751,0.435651891,13.1302282,6.212362979,"semi-ring",536,12.546,17.41995983,12.28,NA,259.4178805,121.9221352,84.2791299,184.7795471,1.569436936,46.88842997,265,272,101.522089017091
"ELMU","Elaeagnus multiflora","ELMU","olive","alien","invasive","shrub","Elaeagnaceae",34.17,193.0688114,0.278806274,13.237,5.53,NA,19.585,NA,0.774211717,0.016135278,15.91,0.307172479,NA,NA,0.043,191.4,9.323097975,5.680896911,59.34,1.445,4.816459513,2.16309733,2.23,37.29466001,46.68800765,24.10158082,50.9,45.93333333,18.9,17.14733726,21.71666667,78,NA,77.86001713,133.6590495,5.132075472,0.55,1.6,40.80349911,0.2,174,3.957936675,43.03376913,30.4,1.96,3.726630127,2.0625,0.071473832,3.573575813,5.062324211,13.61956887,0.803940242,17.19314468,5.866264452,"ring",290.2024,20.9065,21.99954536,5.18,7.59,293.4738615,135.0304108,103.1881772,210.8356649,1.598106799,46.919453,NA,308,95.030186314553
"ELPU","Elaeagnus pungens","ELPU2","olive","alien","invasive","shrub","Elaeagnaceae",222.75,152.3909105,0.298909403,8.283,1.798,NA,NA,NA,NA,NA,NA,NA,NA,NA,NA,NA,NA,5.611291265,NA,NA,NA,NA,NA,NA,NA,NA,NA,NA,NA,NA,NA,NA,NA,84.37463394,127.1370924,NA,NA,NA,NA,NA,NA,NA,NA,NA,NA,NA,NA,NA,NA,NA,NA,NA,NA,NA,"diffuse",855.5957,17.08124,12.99680233,11.8,NA,NA,161.2795788,45.5435328,203.3388984,1.312461013,46.41641635,NA,NA,NA
"ELUM","Elaeagnus umbellata","ELUM","olive","alien","invasive","shrub","Elaeagnaceae",46.6,219.8548334,0.288833391,9.438,3.615,0.191866667,20.08075,NA,0.826768604,0.020175607,17.31,0.380568717,68.68156222,154.1511747,0.043,325.1,9.801710792,4.705914055,58.2,1.472,4.592691086,2.05710634,2.03,39.07443677,47.27831851,21.53941193,48.1,47.02233333,19.5,12.74657795,18.089,68,16.56,66.01031897,140.0617009,3.410725293,1,1.61,44.04352616,0.22,180,3.743006108,43.71393238,24.5,3.64,5.495635075,0.375,0.091766095,3.020989924,5.14350594,14.2398363,1.737438336,17.26082622,6.880944276,"semi-ring",209.6015,19.447,26.50689717,16.88,NA,286.2034835,136.5686613,93.94900067,204.694655,1.511442068,42.3964099,NA,278,100.483694595124
"EUAL","Euonymus alatus","EUAL13","spindle","alien","invasive","shrub","Celastraceae",4,156.6695,0.38111597,11.533,7.969,0.266851852,25.833,8.524,0.775203698,0.013581008,15.47,0.242367716,35.30107599,125.0511907,0.037,1573.7,10.09906624,4.072610036,74.01,1.154,2.487478847,1.991205221,0.5,59.51015108,45.65784605,34.96274902,46.6,44.46666667,17.06666667,20.25248629,16.05566667,124,11.94,50.42919411,89.37650088,2.783783784,1.72,1.35,58.69530998,0.25,238,2.52787294,43.40736138,27.6,2.53,NA,0.75,NA,6.469478273,4.686746387,9.608518679,2.612408442,16.07799695,7.299154829,"diffuse",619.8788,11.32541,15.3130241,14.64,1.29,260.5658349,155.5293875,26.55779448,183.8241345,1.22291378,54.80513133,279,284,106.199461185221
"EUAM","Euonymus americanus","EUAM9","spindle","native","native","subshrub","Celastraceae",41.83,189.4215463,0.329348798,13.873,2.494,NA,28.62875,14.524,0.744281987,0.016042876,11.45,0.216887671,NA,NA,0.025,165.5,9.937825729,3.918487492,66.36,1.279,2.720074761,1.466663567,NA,NA,45.66654316,24.78858462,NA,NA,NA,NA,NA,78,NA,44.426512,99.75980834,NA,NA,1.39,54.29447701,0.21,162,2.460000119,44.00289228,23.4,2.4,NA,0.5,NA,NA,NA,NA,NA,NA,NA,"ring",1208.7133,5.981,12.46677711,9.64,NA,263.6270467,121.4190804,44.67277795,162.9220454,1.417862949,50.23734749,221,248,105.408023606156
"EUAT","Euonymus atropurpureus","EUAT5","spindle","native","native","shrub; tree","Celastraceae",39.45,204.9015256,0.319387215,4.682,2.1,0.206185185,29.49375,NA,0.734604944,0.015043077,10.11,0.207155442,27.08951663,80.85482004,0.026,150.6,9.091294912,4.388598666,53.22,1.272,2.832768477,1.461349572,0.94,48.41685068,45.02233407,22.92777135,45.9,58.96666667,19.84433333,11.11082358,13.63333333,69,8.55,34.47588169,83.41640151,3.041666667,9.33,0.83,NA,NA,NA,NA,NA,NA,NA,NA,0.285714286,NA,13.61860673,6.957828802,11.69810369,0.924213953,25.31671042,7.882042756,"diffuse",728.3342,7.6897,16.85029431,18.75,6.29,246.790382,122.1667877,36.35770357,171.917223,1.446300089,62.86850208,248,272,97.7864892788346
"EUBU","Euonymus bungeanus","EUBU5","spindle","alien","naturalized","shrub; tree","Celastraceae",17.43,218.0541229,0.295442828,6.751,2.935,0.170666667,28.7565,7.595,0.806183119,0.020914679,14,0.305275772,44.12082526,104.4566385,0.036,179.3,9.929185278,4.169770786,52.02,1.34,3.758231651,1.525970193,0.75,59.63266316,44.44458045,20.14508849,40.3,57.16666667,NA,10.24468584,NA,97,4.36,45.3116151,105.8903775,3.088235294,10.24,0.88,55.30547918,0.26,231,2.279005929,44.06906238,24.3,3.22,NA,0.666666667,NA,8.072322686,7.124869101,13.13064569,0.990315649,21.20296838,8.115184749,"diffuse",709.5639,19.21671,18.84538474,18.75,10.1,305.7965567,153.3943799,86.07494653,207.0920842,1.389709937,45.86892155,308,317,107.135089063965
"EUEU","Euonymus europaeus","EUEU7","spindle","alien","invasive","shrub; tree","Celastraceae",65.28,175.8584852,0.25964046,6.484,2.057,NA,32.0385,13.108,0.800150816,0.017336511,13.86,0.243739861,NA,NA,0.036,228.8,10.11391962,3.948830276,68.74,1.278,3.126830286,1.612648694,0.75,56.21560904,44.82085297,25.35379171,44.5,54.76666667,NA,12.21107141,NA,91,NA,44.1806774,97.99614396,3.263157895,7.95,1.77,46.74169611,0.23,238,2.248840231,44.46608298,26.3,3.21,NA,0.285714286,NA,6.739179768,8.394278799,8.539683236,0.769886289,15.27886301,9.16416509,"semi-ring",867.0618,5.60148,15.50809287,7.77,NA,268.1582934,150.9423646,42.82990489,181.817008,1.247396816,48.87544741,293,255,98.5343491964102
"EUHA","Euonymus hamiltonianus ssp. sieboldianus","EUHAS","spindle","alien","naturalized","shrub; tree","Celastraceae",44.86,183.8391846,0.304537389,7.937,2.868,NA,33.94925,12.904,0.76024451,0.017151706,13.66,0.251124326,NA,NA,0.038,218.8,10.40527496,2.806793954,50.25,1.287,3.159908456,1.472502972,0.71,57.50191161,45.39361027,20.14304693,44.5,53.1,22.05,9.9952623,15.06666667,92,NA,44.5494293,99.2434371,3.102272727,3.67,0.89,51.26147051,0.26,248,2.279005929,44.26757268,22.6,3.96,NA,0.285714286,NA,7.839830296,8.548761951,10.40443081,0.979031817,18.24426111,9.527793766,"diffuse",865.343,7.88329,18.36753828,17.03,9.08,261.7137893,134.0732754,38.87664056,175.105477,1.353533154,51.72175246,277,282,97.4220319984418
"EUOB","Euonymus obovatus","EUOB8","spindle","native","native","shrub; subshrub","Celastraceae",37.55,189.9716661,0.32217323,6.364,2.104,0.1655,27.61225,4.976,0.717691486,0.014919692,10.2,0.193771099,31.56378407,66.11255277,0.023,228.9,10.63535893,4.438516588,62.55,1.181,2.301887747,1.135676059,0.74,49.29495783,43.65977629,19.80592729,45.6,56.05,19.08333333,12.42569166,15.11666667,83,14.4,39.58500189,99.795117,2.56685568,4.83,0.98,NA,NA,NA,NA,NA,NA,NA,NA,0.285714286,NA,6.494555884,8.057356807,9.214479881,2.725389811,15.70903576,10.78274662,"semi-ring",1531.7378,9.8501,16.2507364,7.98,NA,252.1475026,133.9052217,25.79600972,171.8392301,1.339238507,53.31416102,252,257,97.6837924447759
"EUPH","Euonymus phellomanus","EUPH6","spindle","alien","naturalized","shrub","Celastraceae",29.85,163.0261659,0.364590996,3.951,2.39,NA,31.795,7.137,0.694399104,0.011468949,13.68,0.223019795,NA,NA,0.041,160.5,9.140600673,5.27670836,87.55,1.279,2.388773606,1.741115607,0.51,58.45089041,44.71610982,29.27927106,46.5,43.15,15.73333333,18.9397064,15.3,98,NA,49.28174528,100.8700322,3.103448276,1.28,1.31,44.66134,NA,NA,NA,NA,NA,NA,NA,1.428571429,NA,5.135439326,3.06158063,10.9891275,1.060553087,16.12456683,4.122133716,"diffuse",1068.4932,14.00282,12.96408963,9.55,NA,272.4280305,153.8350854,25.66689366,191.1034689,1.278505759,54.37123402,278,291,108.002775422949
"FRAL","Frangula alnus","FRAL4","buckthorn","alien","invasive","tree; shrub","Rhamnaceae",33,292.0487359,0.280692214,8.353,1.785,0.136416667,23.511,9.194,0.702615922,0.01624754,12.85,0.375282626,72.88123998,153.8855541,0.034,665.6,11.65024586,3.247745849,47.72,1.405,4.048130035,1.720139792,0.98,56.02672119,46.51923731,18.04261763,46.1,37.16666667,36.35566667,9.179241291,18.31666667,72,10.37,46.11097248,120.4866068,2.701492537,7.63,0.71,59.35521365,0.29,265,2.040524191,44.47412131,13.9,6.24,6.860785971,0.6,0.05466973,9.865061597,NA,11.25483181,NA,21.1198934,NA,"semi-ring",127.137,14.72859,24.5535929,16.91,0.25,287.3514379,131.7766893,93.45651511,202.8135412,1.570720629,44.64618872,279,287,105.201936500534
"FRCA","Frangula caroliniana","FRCA13","buckthorn","native","native","tree; shrub","Rhamnaceae",103.25,199.4160611,0.356669547,13.86,2.206,NA,22.393,13.584,0.720338204,0.015627064,10.98,0.218958835,NA,NA,0.031,621.9,10.46610739,3.847530704,58.36,1.418,3.685823877,1.518971872,0.8,58.14993966,46.46618536,20.75152496,46.6,37.93333333,33.6,13.89903071,17.23333333,68,13.23,34.53166949,90.65821018,3.163934426,4.2,0.87,45.55083083,0.22,218,2.484866274,45.13102861,18.2,5.63,4.316879883,0.3,0.099485102,10.39905146,7.939062748,12.94098511,1.246675902,23.34003657,9.185738651,"semi-ring",316.5454,13.4358,25.14962006,25.91,16.3,273.1933335,109.6475123,72.05829466,176.0378463,1.661779558,50.09399034,260,274,121.457920102945
"HAVI","Hamamelis virginiana","HAVI4","ena","native","native","tree; shrub","Hamamelidaceae",181.83,194.6884254,0.423059299,6.246,0.766,0.192833333,31.686,8.619,0.715782059,0.012289532,11.76,0.228953588,32.8747424,103.4120107,0.034,NA,9.693486097,2.872137289,NA,NA,2.208523693,1.420274428,0.58,54.28571757,47.63629672,32.12634453,47,41.7,13.82766667,17.30395204,21.63333333,NA,20.72,38.92944425,80.35937912,2.401360544,0.78,1.97,25.84698937,NA,NA,1.427808244,43.86614794,NA,NA,1.427766562,0.142857143,0.069696602,7.923289797,7.747532833,7.178321438,1.051348835,15.10161124,8.798881667,"diffuse",496.4718807,4.5625,22,23.449,8.68,255.1509524,138.4549863,53.1682973,178.8163831,1.369041781,55.80701212,283,288,109.396282732453
"HYAR","Hydrangea arborescens","HYAR","ena","native","native","shrub","Hydrangeaceae",33.33,211.9487759,0.274760895,11.209,2.676,0.19537037,22.41825,16.645,0.708491741,0.013454606,16.54,0.350563275,38.08479931,87.08288598,0.045,NA,10.18542123,3.811559544,NA,NA,2.875615808,1.377565327,1.3,38.22050928,44.54135177,21.35193025,44.9,38.97766667,30.43333333,12.90516491,17.05566667,NA,7.25,41.04837572,96.26590204,2.356902776,5.65,2.46,NA,NA,NA,NA,NA,NA,NA,NA,0.6,NA,NA,NA,NA,NA,NA,NA,"semi-ring",430.3233,7.01125,23.17073799,21.43,1.22,265.1140221,119.9096905,89.19578669,178.1136544,1.606662537,43.60401019,268,255,104.732438418094
"LIBE","Lindera benzoin","LIBE3","ena","native","native","tree; shrub","Lauraceae",130.8,255.0771131,0.354416521,10.065,0.925,0.146368055,25.43,NA,0.74268879,0.019387381,14.71,0.375218433,23.21404211,71.81924896,0.041,646.5,10.57271924,4.151817119,64.08,1.487,3.275519672,1.193294284,0.85,54.55011545,47.58727839,17.69481313,50.7,40.29166667,22.26666667,17.3735586,18.91666667,67,10.1,40.52287226,111.859175,2.610655738,0.7,3.03,28.07156415,0.26,216,3.025057123,44.65781398,24.4,4.26,3.188360361,0.428571429,0.040677351,7.060573529,6.072822115,8.035612524,1.397484397,15.09618606,7.470306511,"diffuse",358.5245464,12.386,16,15.554,0.24,264.0070143,119.222741,52.71825283,154.7432491,1.371462016,47.41310818,277,268,107.529905730483
"LOCA","Lonicera canadensis","LOCA7","honeysuckle","native","native","shrub","Caprifoliaceae",38.58,202.0689345,0.368027305,5.458,1.649,NA,29.45775,15.015,0.722333519,0.014472032,9.76,0.19721928,NA,NA,0.029,185.1,10.05628889,5.328671187,63.2,1.272,2.656199724,1.458574422,1.21,37.92703595,45.62077922,25.06804022,46.4,NA,NA,15.43132712,NA,101,NA,46.20881282,103.0635506,NA,4.88,2.42,43.37016131,0.36,236,2.076226669,43.19711531,17.1,6.76,0.874299938,0.307692308,0.021883812,7.224244137,5.365811528,3.05031306,3.538625201,10.2745572,8.90443673,"diffuse",875.8621,7.04358,12.88804632,14.04,NA,265.9442779,164.2444992,39.34920642,197.1354249,1.269118205,54.73615406,285,NA,91.3837756343018
"LOFR","Lonicera fragrantissima","LOFR","honeysuckle","alien","invasive","shrub","Caprifoliaceae",24,179.5599946,0.356512365,5.661,2.727,NA,22.92275,22.56,0.714352258,0.012069565,17.17,0.308304511,NA,NA,0.041,316.6,9.867388174,5.322741964,91.01,1.375,2.503108316,1.525515656,1.01,42.33977081,47.74410736,29.89517352,48.8,48.68333333,18.43333333,16.19024693,18.38333333,82,NA,44.0577601,98.29704804,2.333333333,1.47,1.83,82.23520919,0.29,213,1.839650885,44.21166758,20.6,2.54,1.710785028,1.625,0.115665855,6.333078738,5.638208047,10.83288054,3.995626731,17.16595929,9.633834777,NA,567.3817,15.92219,12.54141542,9.31,0.66,306.866663,135.2089532,128.830627,221.8326596,1.662997705,44.47766861,NA,331,99.2612973334955
"LOHI","Lonicera hirsuta","LOHI","honeysuckle","native","native","liana","Caprifoliaceae",282.98,224.0620797,0.295917442,6.861,0.805,0.171333333,14.76,NA,0.727428015,0.016905117,14.38,0.322201271,45.11614785,89.37096195,0.036,129.3,10.74801323,4.534961389,45.74,1.215,2.573425616,1.025043704,NA,NA,45.1863343,17.6104904,NA,54.85,20.4,11.33080117,15.6,122,6.65,37.31381186,100.092269,2.885893298,NA,2.32,NA,NA,NA,NA,NA,NA,NA,NA,NA,NA,9.451438146,5.147994716,10.08070113,2.189431507,19.53213927,7.337426223,"diffuse",832.2672,13.17821,18.25280176,17.21,NA,220.0077418,102.7031607,49.69952665,156.8249985,1.716379695,52.99645727,187,262,96.4710150579554
"LOIN","Lonicera involucrata","LOIN5","honeysuckle","native","native","shrub","Caprifoliaceae",131.43,192.5039415,0.298752292,11.984,1.201,NA,29.61075,NA,NA,NA,14.36,0.27643566,NA,NA,0.039,NA,NA,4.026329939,64.39,1.23,3.126146702,1.618488099,1.15,45.36131569,45.94511815,24.49436724,44.2,NA,NA,14.68397969,NA,125,NA,40.98482765,96.67272884,NA,8.75,2.48,55.24600846,0.37,213,1.969807521,44.43299793,18.5,4.51,NA,NA,NA,NA,NA,NA,NA,NA,NA,"semi-ring",676.523,8.0258,18.76189535,14.21,1.7,259.0570658,125.3823015,62.09159707,179.241311,1.5031519,50.52066853,269,295,97.4025941210597
"LOJA","Lonicera japonica ","LOJA","honeysuckle","alien","invasive","liana","Caprifoliaceae",46.88,220.5289614,0.274894308,8.321,5.503,0.195972222,23.41075,17.12,0.772264847,0.019814952,15.46,0.340937774,45.37436664,107.3056535,0.037,216.7,12.3016089,4.421725449,53.48,1.236,2.929465845,1.296274396,1.01,47.3194362,45.49405741,19.04360138,45.3,50.14433333,20.03333333,16.75290003,17.33333333,100,2.1,46.40703077,122.8423226,2.579895833,2.7,1.82,68.06905176,0.26,253,1.873443195,42.92959155,18.9,5.73,7.360605858,3.833333333,0.023926293,6.501792099,4.464487644,8.742232085,1.309573873,15.24402418,5.774061517,"diffuse",263.875,20.31246,25.15551736,20.68,NA,268.2188643,90.13702497,164.7279302,217.0735653,4.12,59.3528561,275,312,89.5075105196161
"LOKO","Lonicera korolkowii","LOKO2","honeysuckle","alien","naturalized","shrub","Caprifoliaceae",14.4,202.0177259,0.387640312,6.776,2.986,NA,21.5195,NA,NA,NA,17.9,0.361611729,NA,NA,0.05,NA,NA,2.77330734,NA,NA,2.476138147,NA,NA,NA,47.88360961,NA,NA,NA,NA,NA,NA,NA,NA,47.25360986,104.1521823,NA,NA,1.5,NA,NA,NA,NA,NA,NA,NA,NA,NA,NA,NA,NA,NA,NA,NA,NA,NA,NA,NA,NA,NA,NA,289.647347,130.9233956,117.2786246,212.7751885,1.656715863,47.85129225,NA,NA,98.3320685390386
"LOMA","Lonicera maackii","LOMA5","honeysuckle","alien","invasive","shrub","Caprifoliaceae",34.74,201.6074835,0.366880265,5.662,1.934,0.202277778,26.60875,10.372,0.764721294,0.014547716,15.53,0.313096422,61.05655443,127.4278531,0.043,216.7,10.75658941,4.188810625,64.12,1.328,2.617173695,1.49806154,0.99,44.47896415,45.60534178,27.39258455,46,47.497,25.02766667,14.09334904,15.09166667,92,8.08,54.75587455,105.560782,2.061797753,6.06,1.57,59.76836065,0.34,252,1.663364059,42.87467046,16.9,4.61,6.886109964,1,0.162404356,6.062488322,4.713902187,8.787690595,2.552000752,14.85017892,7.265902939,NA,NA,NA,NA,NA,NA,294.2391644,156.2841115,67.31881293,210.3769926,1.374111202,45.01305095,275,300,96.2021625791764
"LOMO","Lonicera morrowii","LOMO2","honeysuckle","alien","invasive","shrub","Caprifoliaceae",42.08,206.8513213,0.330841762,7.963,1.804,NA,18.62275,14.739,0.662474059,0.011330345,14.63,0.302623483,NA,NA,0.038,127.2,9.364720166,5.182960397,64.68,1.298,3.135937357,1.544887915,1.31,41.13231506,46.17317629,23.66329547,46.2,NA,NA,13.66972245,NA,117,NA,58.07033211,116.378516,NA,11.27,1.72,67.37423031,0.33,300,2.054442539,43.2982455,17.8,4.85,10.07570687,NA,0.124459165,5.154635618,5.13391947,4.740869103,2.138707136,9.895504718,7.272626605,"semi-ring",492.028,14.35749,14.22371062,9.08,0.63,290.6684233,150.691943,87.06541247,206.6011449,1.399459455,44.92044461,308,297,98.5030823370881
"LOOB","Lonicera oblongifolia","LOOB","honeysuckle","native","native","shrub","Caprifoliaceae",15.6,187.876519,0.4292233,8.448,3.068,NA,23.625,NA,NA,NA,12.97,0.243675845,NA,NA,0.037,NA,NA,5.341052886,NA,NA,2.495172158,NA,NA,NA,46.98617079,NA,NA,NA,NA,NA,NA,NA,NA,40.00148926,95.27176228,NA,NA,2.58,51.26147051,0.34,246,2.399668722,43.80438198,18.2,9.29,NA,0.5,NA,NA,NA,NA,NA,NA,NA,"semi-ring",537.6677,9.67823,14.99088989,9.82,NA,257.1219717,122.8896913,39.40484263,155.7986966,1.320764536,46.2383746,281,273,110.27929604201
"LOPE","Lonicera periclymenum","LOPE4","honeysuckle","alien","invasive","liana","Caprifoliaceae",68.42,214.2498622,0.256475861,8.779,1.787,NA,35.2545,16.362,NA,NA,19.42,0.416073232,NA,NA,0.047,NA,NA,4.411811556,NA,NA,3.169820593,NA,1.07,47.93116936,47.02954004,NA,45.6,64.83333333,12.36666667,10.67392635,15.03333333,NA,6.48,52.78488828,111.8675174,2.169642857,18.35,5.94,NA,NA,NA,NA,NA,NA,NA,NA,1,NA,NA,NA,NA,NA,NA,NA,"diffuse",453.4071,25.95027,24.86989665,21.24,NA,283.1028979,144.020663,104.7794651,215.4927992,1.667175808,50.44215943,271,307,85.2526182310434
"LORE","Lonicera reticulata","LORE","honeysuckle","native","native","liana; shrub","Caprifoliaceae",127.31,194.7346761,0.279447361,7.633,2.253,0.218981482,30.39675,22.918,0.83615344,0.019158183,16.27,0.316833318,51.34992905,91.27381856,0.043,196.3,11.0979098,4.55040005,47.01,1.227,2.633840132,1.20051337,0.69,54.34032365,44.66941577,20.83242141,44.1,48.511,23.11133333,12.58045027,14.6,122,5.26,60.4275055,116.0177591,4,8.77,2.1,48.88264188,0.41,267,1.932100398,44.10214743,16.1,5.85,NA,0.75,NA,6.213720922,4.81277815,8.969592734,1.549599203,15.18331366,6.362377353,NA,NA,NA,NA,NA,NA,246.4077305,117.0856001,58.72060548,191.0774713,1.691606405,51.33610427,297,269,90.5607129050859
"LORU","Lonicera ruprechtiana","LORU3","honeysuckle","alien","naturalized","shrub","Caprifoliaceae",30,186.328758,0.26187283,7.913,2.946,NA,21.1715,17.267,NA,NA,17.76,0.330919874,NA,NA,0.048,NA,NA,4.057099348,NA,NA,2.996401106,NA,0.86,52.21737644,45.53931456,NA,44.9,NA,NA,13.61634049,NA,NA,NA,53.64530937,108.319525,NA,8.32,1.67,NA,NA,NA,NA,NA,NA,NA,NA,1,NA,NA,NA,NA,NA,NA,NA,"semi-ring",526.9177,17.02071,16.15920127,9.02,4.21,272.8630763,143.8093923,77.02264872,195.9570851,1.396497715,47.11275493,278,286,92.6419850566185
"LOSE","Lonicera sempervirens","LOSE","honeysuckle","native","native","liana","Caprifoliaceae",105.17,226.4425515,0.267858674,6.4,1.48,0.2282,26.41275,10.951,0.766121233,0.019919916,16.68,0.377706176,70.09783019,138.5325023,0.044,145.7,12.43228729,4.766125719,42.39,1.203,3.113490905,1.344092913,0.86,53.13263309,44.55847823,18.08440268,45.1,50.16666667,27.13333333,9.171584568,18.46666667,103,4.75,56.88749423,138.2228307,3.014814815,10.78,4.12,52.61247932,0.32,239,2.071177338,43.40462624,14.8,7.37,2.192547027,1.625,0.068967142,9.217380552,6.110213394,10.29772512,2.885330059,19.51510567,8.995543453,"semi-ring",340.0923,19.5247,25.3521463,21.98,2.47,289.6473467,127.7228687,110.3282954,214.8109379,1.709920799,48.95767994,304,NA,86.8879292859832
"LOST","Lonicera standishii","LOST2","honeysuckle","alien","invasive","shrub","Caprifoliaceae",14.73,143.9525233,0.398457967,7.613,7.285,NA,22.388,21.568,0.752263249,0.012346773,15.65,0.225285699,NA,NA,0.042,234.8,9.102180188,5.260025853,114.52,1.365,2.423698612,1.828706683,0.96,42.96806055,47.64740171,37.06828926,47.8,43.06666667,22.38333333,13.8120225,21.33333333,84,NA,44.6723466,94.78268805,1.876447876,1.66,1.95,59.64684143,0.38,240,1.9019347,44.10214743,15.3,5.07,NA,0.8,NA,6.928586891,5.670070179,11.04332631,2.997836415,17.9719132,8.667906592,"diffuse",772.1423,8.74123,11.82469226,10.15,NA,293.09121,144.0096362,73.65287802,206.5980524,1.456257071,50.96616314,299,312,98.7874821361031
"LOTA","Lonicera tatarica ","LOTA","honeysuckle","alien","invasive","shrub","Caprifoliaceae",26.1,177.9253346,0.365750776,6.383,2.366,0.247611111,22.43475,NA,0.778916068,0.013693278,20.41,0.363145608,66.81561119,128.9787471,0.044,NA,10.56461498,5.169248384,NA,NA,3.086124762,2.340209836,1.74,28.7457281,45.95572425,34.08433228,45.4,56.46666667,17.95566667,15.33756646,12.70533333,NA,8.91,60.65166392,103.0247614,2.014033613,9.52,1.67,74.66357858,0.33,256,2.296225185,43.62348767,20,6.38,0.934408359,1.25,0.019920894,5.509700223,6.487129669,7.754434886,2.532777172,13.26413511,9.019906841,"semi-ring",727.9202,12.28892,16.6675392,10.8,3.52,283.1422717,152.2245302,45.13759578,204.0242877,1.386883022,43.41970791,NA,NA,93.4479573715717
"LOVI","Lonicera villosa","LOVI","honeysuckle","native","native","shrub","Caprifoliaceae",46.13,185.7185473,0.42635497,6.424,1.441,NA,21.87375,NA,NA,NA,10.94,0.203176091,NA,NA,0.03,NA,NA,4.984149445,NA,NA,2.618480613,1.822120502,0.65,55.50535807,46.41517532,36.88878118,48.2,NA,NA,17.83351531,NA,NA,NA,39.50982007,94.60268678,NA,2.04,2.07,49.64088406,0.39,280,2.167933125,43.90358312,19.3,4.88,0.583835926,NA,0.034762092,NA,NA,NA,NA,NA,NA,"semi-ring",612.6161,8.50126,15.66444718,13.22,NA,267.7346933,142.7726865,66.81539651,185.4968137,1.365688408,47.92071266,284,NA,99.0090727561833
"LOBE","Lonicera x bella","LOBE","honeysuckle","alien","invasive","shrub","Caprifoliaceae",51.83,236.0666626,0.329578852,7.214,1.617,NA,21.6265,NA,NA,NA,12.76,0.301221061,NA,NA,0.036,NA,NA,5.302668341,NA,NA,2.863867995,NA,1.31,37.76717231,46.92398336,NA,47.9,NA,NA,15.16441732,NA,NA,NA,53.70676802,116.4186023,NA,10.32,1.77,59.64684143,0.39,283,1.954724672,44.20140258,17.1,4.98,NA,NA,NA,NA,NA,NA,NA,NA,NA,"semi-ring",729.8625,6.17821,16.85029431,8.22,NA,282.6106263,155.9452487,40.72159808,202.1264057,1.341799775,49.29100538,303,NA,97.8784882014403
"LOXY","Lonicera xylosteum","LOXY","honeysuckle","alien","invasive","shrub","Caprifoliaceae",51.86,232.601581,0.274344511,6.122,2.128,NA,25.525,11.952,NA,NA,14.65,0.340761316,NA,NA,0.04,NA,NA,4.135163605,NA,NA,3.150800645,NA,2.05,21.38425626,45.83135114,NA,45.9,39.4,32.11666667,13.57420005,21.71666667,NA,NA,48.97445204,110.14837,2.61038961,46.2,1.9,63.92873296,0.31,244,1.962266097,43.87055208,17.6,6.2,NA,NA,NA,NA,NA,NA,NA,NA,NA,"semi-ring",594.3054,13.50481,17.04330729,11.34,1.4,279.6984088,155.7667278,63.54051971,199.1524339,1.344511269,46.94042219,276,294,103.188834635296
"PTTR","Ptelea trifoliata","PTTR","ena","native","native","tree; shrub","Rutaceae",293.1,261.9231325,0.25836768,20.404,1.266,NA,24.5725,12.155,NA,NA,13.81,0.361715846,NA,NA,0.039,NA,NA,3.658219657,NA,NA,NA,NA,0.89,NA,NA,NA,44.8,NA,NA,10.89386054,NA,NA,NA,46.20881282,110.4103511,NA,3.09,1.64,NA,NA,NA,NA,NA,NA,NA,NA,NA,NA,NA,NA,NA,NA,NA,NA,"ring",129.4990115,6.92548,25,27.754,0.21,260.1831837,131.1701277,40.52834845,152.3864237,1.231759596,49.27348052,282,260,116.26929140867
"RHAL","Rhamnus alnifolia","RHAL","buckthorn","native","native","shrub","Rhamnaceae",46.96,233.5825858,0.327011076,6.806,1.932,NA,23.55575,13.475,NA,NA,13.49,0.315102908,NA,NA,0.039,NA,NA,2.920129826,50.8,1.154,3.213660484,1.484181782,1.41,39.35041557,44.87837088,21.2115206,43.2,54.06666667,20.66666667,12.58230644,12.85,130,14.9,40.8004517,100.3783018,2.37,12.57,0.58,51.79670695,0.36,301,2.211133108,43.67204178,17.4,6.33,NA,0.428571429,NA,14.71395662,11.99295855,3.201733471,1.398956544,17.91569009,13.39191509,NA,NA,NA,NA,NA,NA,257.3649679,126.9121719,48.86528714,181.8590915,1.470718292,52.66587147,278,NA,103.396854551099
"RHCA","Rhamnus cathartica","RHCA","buckthorn","alien","invasive","tree; shrub","Rhamnaceae",43.1,194.9182333,0.309416977,9.298,3.032,0.185703704,23.921,7.891,0.725051992,0.013264915,15.08,0.293936696,56.286096,111.6638666,0.041,1168.8,9.680586818,3.920742828,73.33,1.326,3.782538088,2.011931513,2.14,28.58090261,45.19819731,24.17828735,43.6,45.27766667,27.189,14.53326256,17.31133333,125,9.18,46.61004217,99.89909877,2.919512522,33.62,1.08,59.05790633,0.34,305,1.890691872,44.61852735,15.7,5.22,2.405050193,0.333333333,0.065929935,13.48903917,6.777308333,2.889868551,1.064717189,16.37890772,7.842025522,"diffuse",549.8522895,14.16023,15.36143642,13.72,NA,283.9075747,152.5364307,47.95232592,193.2612717,1.294037364,42.28094575,266,299,103.886978442772
"RHDA","Rhamnus davurica","RHDA","buckthorn","alien","naturalized","tree; shrub","Rhamnaceae",86.1,251.2613116,0.295812603,8.727,2.311,NA,28.28525,13.371,NA,NA,16.13,0.405284496,NA,NA,0.039,NA,NA,4.396635818,NA,NA,3.180118578,1.160437705,1.11,46.95728834,46.11786658,15.67304014,42.4,NA,NA,12.60208326,NA,NA,NA,47.37652716,110.6236927,NA,6.43,1.06,73.01773569,NA,NA,2.308026886,44.80518453,NA,NA,1.692761701,0.75,0.093662684,11.91616626,5.79775397,3.412404321,1.322588299,15.32857058,7.120342269,"ring",1164.807571,11.39607,9.166995688,8.368,11.6,249.3391617,130.7028053,40.72659512,185.6886958,1.467573664,57.36481863,273,267,92.6083368506649
"ROMU","Rosa multiflora","ROMU","rose","alien","invasive","shrub, vine, subshrub","Rosaceae",19.38,184.1754897,0.285,20.821,6.995,0.125,NA,NA,0.633128,0.0116495,12.242,0.225253,NA,NA,NA,318.24,NA,NA,41.824,1.366,3.342,1.816,1.91,31.105,45.445,24.698,45.2,NA,NA,16.55234828,NA,80,11.66,NA,NA,NA,7.67,1.7,55.0081256,0.2,177,1.871769002,43.83746703,16.8,4.91,NA,NA,NA,NA,NA,NA,NA,NA,NA,"diffuse",NA,NA,16.09,16.09,4.65,300.3635,NA,NA,197.3635,NA,NA,NA,NA,103.054268369643
"SANI","Sambucus nigra ssp. canadensis","SANIC4","ena","native","native","shrub; tree","Adoxaceae",563.4,225.1448211,0.237720029,29.023,2.628,NA,45.913,19.535,NA,NA,15.9,0.357980265,NA,NA,0.044,NA,NA,3.267766442,NA,NA,NA,NA,1.45,NA,NA,NA,47.1,NA,NA,17.88689727,NA,NA,NA,40.86191035,99.65111886,NA,3.1,30.5,57.2680128,0.18,263,2.369503024,43.30810623,18.5,4.96,NA,0.75,NA,NA,NA,NA,NA,NA,NA,"diffuse",250.8840677,10.842,29.25093117,24.927,0.17,262.0964408,113.3358908,65.37169661,179.0080748,1.635538818,51.88104668,NA,268,96.9159483671393
"SARA","Sambucus racemosa","SARA2","ena","native","native","shrub; tree","Adoxaceae",58,276.4154449,0.311599893,10.673,1.608,0.205,47.19775,15.513,0.756853635,0.015916253,15.46,0.427338278,59.47419647,136.2600412,0.045,NA,9.957421477,3.264883809,NA,NA,4.109246917,1.684648369,1.03,55.30026815,47.13530257,20.85699338,47.9,41.56666667,17.05,19.76918468,14.98333333,NA,7.63,46.75595661,120.5252359,3.307692308,5.21,21.1,62.39405695,0.29,321,2.790699052,42.44929475,17.4,9.27,14.91381633,NA,0.0490993,17.66796741,2.424266642,11.47492139,1.095100268,29.1428888,3.51936691,"ring",380.4520604,25.889,28,26.221,3.46,276.637197,138.8100418,76.83947406,193.6669354,1.437983907,48.49338681,272,294,90.3771515294487
"SHAR","Shepherdia argentea","SHAR","olive","native","native","tree; shrub","Elaeagnaceae",22.48,233.4782381,0.28282193,10.894,2.619,NA,28.8945,8.33,NA,NA,19.4,0.452947782,NA,NA,0.051,NA,NA,4.547537873,NA,NA,NA,NA,1.72,NA,NA,NA,46.6,NA,NA,14.41706989,NA,NA,NA,55.3046929,117.9355714,NA,7.26,3.08,40.37832952,0.25,245,3.636462352,44.53225308,27.8,1.72,NA,NA,NA,NA,NA,NA,NA,NA,NA,"ring",262.0069734,19.14453,22,12.205,4.39,268.9841676,121.0235108,89.41537846,195.0708071,1.660692545,53.5743758,250,288,98.1238228924933
"SHCA","Shepherdia canadensis","SHCA","olive","native","native","shrub","Elaeagnaceae",25,160.1172251,0.307735939,7.886,3.382,NA,NA,NA,NA,NA,15.65,0.250583457,NA,NA,0.044,NA,NA,2.891750032,NA,NA,NA,NA,NA,NA,NA,NA,NA,NA,NA,NA,NA,NA,NA,70.97664843,118.4866396,NA,NA,6.2,NA,NA,NA,NA,NA,NA,NA,NA,NA,NA,NA,NA,NA,NA,NA,NA,"diffuse",872.0910504,6.85123,14,14.625,2.27,221.8672334,107.2483638,39.10936443,145.8405792,1.516519022,51.0589289,261,NA,103.431169559325
"SYAL","Symphoricarpos albus var. albus","SYALA","ena","native","native","shrub; subshrub","Caprifoliaceae",27.27,180.0514688,0.422430624,6.523,2.956,NA,27.33175,14.027,NA,NA,13.59,0.244689946,NA,NA,0.036,NA,NA,5.571976179,NA,NA,NA,NA,NA,NA,NA,NA,NA,NA,NA,NA,NA,NA,NA,61.57347511,114.7119325,NA,NA,2.91,NA,NA,NA,NA,NA,NA,NA,NA,0.375,NA,NA,NA,NA,NA,NA,NA,NA,320.0122885,13.41112,26,22.198,NA,236.0550688,113.4342473,60.66150456,183.837019,1.698634586,55.35112085,NA,298,103.707875898228
"VIAC","Viburnum acerifolium","VIAC","viburnum","native","native","shrub; subshrub","Adoxaceae",34.27,206.0482127,0.382125067,6.23,1.905,0.146962963,43.021,12.056,0.714285176,0.013946615,11.79,0.242930843,27.32989345,74.37757383,0.029,NA,10.08617729,3.940864015,NA,NA,2.180002053,1.114410204,0.84,43.88114841,48.15175213,22.92761932,50.2,51.76666667,13.48333333,16.68909401,15.7,NA,18.2,41.88156834,97.37097612,2.597222222,3.64,6.3,39.85796,NA,NA,NA,NA,NA,NA,NA,0.181818182,NA,NA,NA,NA,NA,NA,NA,"diffuse",750.7735,10.78652,14.47768077,15.14,NA,252.383433,144.1155794,25.2154611,172.7082545,1.270491334,57.66165317,NA,289,102.646698985389
"VIDE","Viburnum dentatum","VIDE","viburnum","native","native","shrub; tree","Adoxaceae",69.05,219.5993522,0.346905072,7.016,1.322,0.148069445,28.90675,16.495,0.748549253,0.015171561,13.41,0.294482731,57.05398307,99.24894373,0.04,NA,10.39480149,4.487521785,NA,NA,2.71501379,1.343516021,0.66,55.94145056,47.74780269,23.86335407,54.6,49.87766667,13.24433333,20.23705684,15.378,NA,12.89,37.81711096,90.65776528,3.050507231,1.63,NA,38.11844232,0.31,226,1.932100398,43.17576603,23.3,3.45,NA,0.428571429,NA,NA,NA,NA,NA,NA,NA,"diffuse",400.4206,13.19553,22.48078511,21.39,4.45,257.1219717,142.6172571,56.93880382,181.6533329,1.318923335,56.61836591,287,294,104.91185601495
"VIDI","Viburnum dilatatum","VIDI80","viburnum","alien","invasive","shrub","Adoxaceae",100.5,179.6313158,0.345370422,6.763,2.307,0.192733333,31.29225,17.432,0.714465238,0.013269345,11.73,0.210707533,43.62159738,86.08251675,0.034,NA,9.976663111,4.071617908,NA,NA,2.662231727,1.391869061,0.54,59.35492398,46.44245415,25.77561866,48.5,40.83333333,15.83333333,21.37593632,18.4,NA,5.6,44.23734644,92.29052683,3.152542373,0.26,NA,38.67686584,NA,NA,1.807398413,43.03665645,NA,NA,3.842484792,0.296296296,0.233732297,6.549180358,5.591779102,9.928240721,1.344433767,16.47742108,6.936212869,"diffuse",390.2059,10.87621,20.19032653,19.48,2.32,266.6882585,139.5292892,86.28688466,191.9873881,1.426412509,51.9063084,289,271,100.08984494454
"VIED","Viburnum edule","VIED","viburnum","native","native","shrub","Adoxaceae",181.6,198.0591406,0.293935534,7.442,1.18,NA,32.90075,12.689,NA,NA,14.87,0.294513942,NA,NA,0.041,NA,NA,3.691889892,NA,NA,NA,NA,1.13,NA,NA,NA,49.2,NA,NA,13.56295853,NA,NA,NA,45.65568498,102.0030652,NA,4.93,NA,37.6426766,0.37,265,2.128177437,43.44044643,24.4,3.64,NA,0.285714286,NA,NA,NA,NA,NA,NA,NA,"diffuse",394.1995855,7.14296,29.01053841,33.682,3.93,268.9841673,148.2468751,55.19573699,191.7664083,1.324918987,53.27433135,295,305,100.441171213921
"VILA","Viburnum lantana","VILA","viburnum","alien","invasive","tree; shrub","Adoxaceae",317.7,161.1856578,0.352705,6.845,0.945,0.259966667,31.27775,NA,0.767320493,0.012742374,16.61,0.267729378,61.0937966,121.3326117,0.044,NA,9.373063457,4.45463087,NA,NA,2.607429023,1.897490406,1.04,42.73305162,46.82223901,39.22206914,48.3,49.88333333,16.75,14.89672486,17.01666667,NA,5.04,62.03890848,100.8043712,2.807692308,2.6,8.17,29.94941214,0.36,270,1.577205705,43.41356386,18.5,4.33,10.72170573,0.6,0.286001433,8.245199492,5.454577958,10.2096622,1.349565444,18.45486169,6.804143402,"diffuse",341.8735,6.63124,24.34965378,21.58,1.16,283.9075747,142.1544628,85.22813296,205.2071795,1.477984278,52.3518271,296,302,103.291758887737
"VILAN","Viburnum lantanoides","VILA11","viburnum","native","native","shrub","Adoxaceae",248.45,320.520342,0.309077289,8.653,0.703,NA,36.0555,NA,NA,NA,10.47,0.335584798,NA,NA,0.029,NA,NA,3.147779553,NA,NA,NA,NA,NA,NA,NA,NA,NA,NA,NA,NA,NA,NA,NA,34.28583489,97.77845452,NA,NA,NA,NA,NA,NA,NA,NA,NA,NA,NA,NA,NA,NA,NA,NA,NA,NA,NA,"semi-ring",NA,NA,NA,NA,NA,249.1397772,136.8977185,46.77537738,175.8053505,1.368664348,54.77112736,274,278,105.827620949495
"VILE","Viburnum lentago","VILE","viburnum","native","native","shrub; tree","Adoxaceae",49.5,201.6741596,0.309321715,15.935,2.504,NA,37.5195,10.56,NA,NA,15.3,0.308561464,NA,NA,0.042,NA,NA,4.539402673,NA,NA,2.436415758,NA,0.84,47.31977605,46.71069835,NA,48.2,49.73333333,NA,12.29807962,NA,NA,NA,49.09736933,106.03707,3.341463415,4.41,8.4,NA,NA,NA,NA,NA,NA,NA,NA,0.333333333,NA,8.190031556,3.892357357,10.87461096,0.789073371,19.06464252,4.681430727,"diffuse",476.3797,5.6712,20.31938008,22.97,2.7,268.6015158,142.829962,63.80777831,190.6485105,1.360006339,48.56929053,286,283,99.4294252091924
"VINU","Viburnum nudum ssp cassinoides","VINUC","viburnum","native","native","shrub; tree","Adoxaceae",49.38,169.960542,0.352334277,8.975,4.142,NA,47.2485,7.29,NA,NA,13.56,0.230466495,NA,NA,0.028,NA,NA,4.7754945,NA,NA,NA,NA,NA,NA,NA,NA,NA,NA,NA,NA,NA,NA,NA,55.55052749,107.3587539,NA,NA,NA,NA,NA,NA,NA,NA,NA,NA,NA,0.285714286,NA,NA,NA,NA,NA,NA,NA,"semi-ring",655.5812,7.811,16.97991329,7.82,NA,260.5658349,145.6141041,25.82183293,179.9504886,1.270881618,55.57878543,269,277,100.803081079071
"VIOP","Viburnum opulus v. americanum","VIOPA2","viburnum","native","native","shrub; tree","Adoxaceae",205.58,193.5799597,0.340739204,9.978,1.493,NA,32.82775,NA,NA,NA,15.29,0.295983758,NA,NA,0.044,NA,NA,4.29053252,NA,NA,NA,NA,0.88,NA,NA,NA,47,NA,NA,11.96149974,NA,NA,NA,44.5494293,100.3552186,NA,5.43,8.27,35.68014298,0.41,272,1.924558974,43.50661653,23.2,5.26,NA,0.285714286,NA,NA,NA,NA,NA,NA,NA,"diffuse",592.5926,7.31426,21.22033954,19.65,4.21,265.540304,155.7334509,43.9368164,183.4471689,1.217808367,55.02000589,280,284,99.7967473187177
"VIPR","Viburnum prunifolium","VIPR","viburnum","native","native","shrub; tree","Adoxaceae",247,157.0523166,0.357129711,6.092,1.573,0.227444445,33.4715,9.262,0.773102372,0.013700925,7.9,0.12407133,52.47245613,120.3847816,0.02,NA,10.39298812,5.782554829,NA,NA,2.282294746,1.570552286,0.52,57.23473723,47.04364589,34.2765382,52.2,53.33333333,16.3,16.04523325,13.11666667,NA,5.49,45.44272663,83.86413789,3.368421053,1.09,NA,29.97967047,NA,NA,2.269290765,43.77591358,NA,NA,2.550297117,0.285714286,0.016790847,8.178990743,6.605311927,13.50181906,3.357693531,21.68080981,9.963005455,"diffuse",514.7287,14.75547,14.97674166,15.24,NA,249.4689423,134.0900971,45.52494396,171.709242,1.436017801,54.53844458,275,279,103.641274170807
"VIRA","Viburnum rafinesquianum","VIRA","viburnum","native","native","shrub","Adoxaceae",49.97,194.0432421,0.319590751,9.14,1.598,0.218944445,25.0175,NA,0.725321968,0.013426534,9.98,0.193655156,36.7948501,75.94524169,0.032,NA,9.694640093,4.026094271,NA,NA,2.373390053,1.227286221,0.74,50.11620037,47.62730251,29.67890706,50.2,50.18333333,17.55,16.52087813,11.73333333,NA,15.52,41.48400435,92.20014964,3.008849558,1.26,7.3,35.26738,NA,NA,NA,NA,NA,NA,NA,NA,NA,NA,NA,NA,NA,NA,NA,"diffuse",618.2573,4.3256,16.5452864,18.43,26.3,262.776049,150.1156624,37.93970472,183.7160502,1.296118029,53.53952556,303,NA,103.383082733671
"VISE","Viburnum setigerum","VISE14","viburnum","alien","naturalized","shrub","Adoxaceae",37.37,169.0362577,0.327033464,8.908,1.995,0.275777778,36.0445,NA,0.767365068,0.013061587,11.98,0.202505437,47.17347234,106.0792332,0.035,NA,9.183478085,4.642715338,NA,NA,2.837630694,2.014514998,0.79,52.94744049,45.41255521,36.48661967,51.5,47.73333333,13.4,17.12413507,20.8,NA,10.99,64.77533296,105.2717628,2.642857143,2.68,NA,NA,NA,NA,NA,NA,NA,NA,NA,0.307692308,NA,NA,NA,NA,NA,NA,NA,"diffuse",438.3487,7.90725,21.51331157,19.33,NA,252.9128055,159.1460051,36.48681964,193.4172574,1.262478152,57.98251689,289,298,104.636484788889
"VISI","Viburnum sieboldii","VISI","viburnum","alien","invasive","tree; shrub","Adoxaceae",186.22,167.2504123,0.308701831,9.319,1.241,NA,56.2815,6.895,NA,NA,15.83,0.264757403,NA,NA,0.045,NA,NA,3.830564885,NA,NA,NA,NA,1.31,NA,NA,NA,47.3,NA,NA,18.84777255,NA,NA,NA,41.0462863,94.310667,NA,0.76,NA,37.99950089,0.27,215,2.067846041,41.38917333,31.3,4.65,NA,0.75,NA,NA,NA,NA,NA,NA,NA,"diffuse",NA,NA,NA,NA,NA,277.5678592,148.5784537,64.68199049,199.3798816,1.39103806,58.08439438,289,291,91.6821413177739
"ZAAM","Zanthoxylum americanum","ZACL","ena","native","native","shrub; tree","Rutaceae",169.53,364.2525728,0.237190518,42.794,2.37,NA,24.355,NA,NA,NA,14.11,0.51396038,NA,NA,0.04,NA,NA,5.15418496,NA,NA,NA,NA,1.3,NA,NA,NA,44.7,NA,NA,15.00427144,NA,NA,NA,48.85153474,127.9643759,NA,8.43,2.83,NA,NA,NA,NA,NA,NA,NA,NA,NA,NA,NA,NA,NA,NA,NA,NA,NA,NA,NA,NA,NA,NA,270.833846,155.0252467,52.54464486,177.6431898,1.237345694,53.81663326,282,NA,113.014381258658
